[
  {
    "x": 280,
    "y": 104,
    "angulo": 5.4626289340062275
  },
  {
    "x": 345,
    "y": 339,
    "angulo": 3.3672779158067248
  },
  {
    "x": 478,
    "y": 366,
    "angulo": 2.578127348469248
  },
  {
    "x": 166,
    "y": 116,
    "angulo": 3.829588223948919
  },
  {
    "x": 6,
    "y": 416,
    "angulo": 5.574535338055397
  },
  {
    "x": 12,
    "y": 9,
    "angulo": 3.637524978397344
  },
  {
    "x": 339,
    "y": 249,
    "angulo": 4.582358281468474
  },
  {
    "x": 293,
    "y": 362,
    "angulo": 2.481177285168728
  },
  {
    "x": 500,
    "y": 206,
    "angulo": 5.328325123715053
  },
  {
    "x": 271,
    "y": 475,
    "angulo": 3.699569272566741
  },
  {
    "x": 98,
    "y": 323,
    "angulo": 4.598919765283755
  },
  {
    "x": 56,
    "y": 220,
    "angulo": 0.5909585459958023
  },
  {
    "x": 468,
    "y": 235,
    "angulo": 2.385083417141514
  },
  {
    "x": 84,
    "y": 264,
    "angulo": 0.20502246164207802
  },
  {
    "x": 365,
    "y": 224,
    "angulo": 0.8956220141043919
  },
  {
    "x": 40,
    "y": 501,
    "angulo": 1.3565303528279944
  },
  {
    "x": 198,
    "y": 335,
    "angulo": 5.148060613070005
  },
  {
    "x": 53,
    "y": 232,
    "angulo": 5.064248662276018
  },
  {
    "x": 125,
    "y": 12,
    "angulo": 3.5954644885323885
  },
  {
    "x": 269,
    "y": 475,
    "angulo": 2.5927703246874243
  },
  {
    "x": 52,
    "y": 411,
    "angulo": 3.0079849343971348
  },
  {
    "x": 39,
    "y": 484,
    "angulo": 3.921142679249234
  },
  {
    "x": 110,
    "y": 482,
    "angulo": 4.997320939728288
  },
  {
    "x": 266,
    "y": 161,
    "angulo": 4.7180239836671705
  },
  {
    "x": 345,
    "y": 510,
    "angulo": 4.740024257162317
  },
  {
    "x": 352,
    "y": 327,
    "angulo": 0.6434507977754188
  },
  {
    "x": 463,
    "y": 295,
    "angulo": 3.6260284142250407
  },
  {
    "x": 47,
    "y": 183,
    "angulo": 5.709582741397465
  },
  {
    "x": 21,
    "y": 192,
    "angulo": 3.1864074733728898
  },
  {
    "x": 412,
    "y": 48,
    "angulo": 3.9894259960883143
  },
  {
    "x": 103,
    "y": 65,
    "angulo": 4.909780303745258
  },
  {
    "x": 140,
    "y": 286,
    "angulo": 0.2209147554963058
  },
  {
    "x": 215,
    "y": 223,
    "angulo": 6.201362391779687
  },
  {
    "x": 424,
    "y": 123,
    "angulo": 0.6511415736642356
  },
  {
    "x": 159,
    "y": 492,
    "angulo": 1.6028735941448258
  },
  {
    "x": 303,
    "y": 101,
    "angulo": 3.9057904641384047
  },
  {
    "x": 244,
    "y": 366,
    "angulo": 3.5330731350299596
  },
  {
    "x": 156,
    "y": 223,
    "angulo": 2.2231756400188276
  },
  {
    "x": 424,
    "y": 506,
    "angulo": 0.3133592742153659
  },
  {
    "x": 9,
    "y": 338,
    "angulo": 1.2064125992600987
  },
  {
    "x": 390,
    "y": 14,
    "angulo": 3.5650623548603795
  },
  {
    "x": 420,
    "y": 405,
    "angulo": 4.7545409744146
  },
  {
    "x": 355,
    "y": 451,
    "angulo": 1.11569621424818
  },
  {
    "x": 213,
    "y": 293,
    "angulo": 1.9145212472529316
  },
  {
    "x": 408,
    "y": 379,
    "angulo": 3.6147494875455597
  },
  {
    "x": 93,
    "y": 501,
    "angulo": 5.982847560359902
  },
  {
    "x": 279,
    "y": 378,
    "angulo": 1.2332549124346415
  },
  {
    "x": 408,
    "y": 400,
    "angulo": 0.2808943430874827
  },
  {
    "x": 419,
    "y": 89,
    "angulo": 0.4841797798770428
  },
  {
    "x": 23,
    "y": 323,
    "angulo": 3.0974534090013845
  }
]